"event_type","page_url","user_agent","session_id","ts"
"page_view","http://localhost:8083/shop.html","Mozilla/5.0 (Windows NT 10.0; Win64; x64) AppleWebKit/537.36 (KHTML, like Gecko) Chrome/138.0.0.0 Safari/537.36 Edg/138.0.0.0","f74f8d9d-09c9-449b-95d8-3e03dd81470a","2025-08-12 04:05:40"
"click","http://localhost:8083/shop.html","Mozilla/5.0 (Windows NT 10.0; Win64; x64) AppleWebKit/537.36 (KHTML, like Gecko) Chrome/138.0.0.0 Safari/537.36 Edg/138.0.0.0","f74f8d9d-09c9-449b-95d8-3e03dd81470a","2025-08-12 04:06:12"
"session_time","http://localhost:8083/shop.html","Mozilla/5.0 (Windows NT 10.0; Win64; x64) AppleWebKit/537.36 (KHTML, like Gecko) Chrome/138.0.0.0 Safari/537.36 Edg/138.0.0.0","f74f8d9d-09c9-449b-95d8-3e03dd81470a","2025-08-12 04:06:13"
"page_view","http://localhost:8083/product-details.html","Mozilla/5.0 (Windows NT 10.0; Win64; x64) AppleWebKit/537.36 (KHTML, like Gecko) Chrome/138.0.0.0 Safari/537.36 Edg/138.0.0.0","f74f8d9d-09c9-449b-95d8-3e03dd81470a","2025-08-12 04:06:13"
"session_time","http://localhost:8083/product-details.html","Mozilla/5.0 (Windows NT 10.0; Win64; x64) AppleWebKit/537.36 (KHTML, like Gecko) Chrome/138.0.0.0 Safari/537.36 Edg/138.0.0.0","f74f8d9d-09c9-449b-95d8-3e03dd81470a","2025-08-12 04:16:06"
"page_view","http://localhost:8083/product-details.html","Mozilla/5.0 (Windows NT 10.0; Win64; x64) AppleWebKit/537.36 (KHTML, like Gecko) Chrome/138.0.0.0 Safari/537.36 Edg/138.0.0.0","f74f8d9d-09c9-449b-95d8-3e03dd81470a","2025-08-12 04:16:06"
"click","http://localhost:8083/product-details.html","Mozilla/5.0 (Windows NT 10.0; Win64; x64) AppleWebKit/537.36 (KHTML, like Gecko) Chrome/138.0.0.0 Safari/537.36 Edg/138.0.0.0","f74f8d9d-09c9-449b-95d8-3e03dd81470a","2025-08-12 04:16:09"
"session_time","http://localhost:8083/product-details.html","Mozilla/5.0 (Windows NT 10.0; Win64; x64) AppleWebKit/537.36 (KHTML, like Gecko) Chrome/138.0.0.0 Safari/537.36 Edg/138.0.0.0","f74f8d9d-09c9-449b-95d8-3e03dd81470a","2025-08-12 04:16:09"
"page_view","http://localhost:8083/shop.html","Mozilla/5.0 (Windows NT 10.0; Win64; x64) AppleWebKit/537.36 (KHTML, like Gecko) Chrome/138.0.0.0 Safari/537.36 Edg/138.0.0.0","f74f8d9d-09c9-449b-95d8-3e03dd81470a","2025-08-12 04:16:09"
"click","http://localhost:8083/shop.html","Mozilla/5.0 (Windows NT 10.0; Win64; x64) AppleWebKit/537.36 (KHTML, like Gecko) Chrome/138.0.0.0 Safari/537.36 Edg/138.0.0.0","f74f8d9d-09c9-449b-95d8-3e03dd81470a","2025-08-12 04:17:21"
"session_time","http://localhost:8083/shop.html","Mozilla/5.0 (Windows NT 10.0; Win64; x64) AppleWebKit/537.36 (KHTML, like Gecko) Chrome/138.0.0.0 Safari/537.36 Edg/138.0.0.0","f74f8d9d-09c9-449b-95d8-3e03dd81470a","2025-08-12 04:17:22"
"page_view","http://localhost:8083/contact.html","Mozilla/5.0 (Windows NT 10.0; Win64; x64) AppleWebKit/537.36 (KHTML, like Gecko) Chrome/138.0.0.0 Safari/537.36 Edg/138.0.0.0","f74f8d9d-09c9-449b-95d8-3e03dd81470a","2025-08-12 04:17:22"
"click","http://localhost:8083/contact.html","Mozilla/5.0 (Windows NT 10.0; Win64; x64) AppleWebKit/537.36 (KHTML, like Gecko) Chrome/138.0.0.0 Safari/537.36 Edg/138.0.0.0","f74f8d9d-09c9-449b-95d8-3e03dd81470a","2025-08-12 04:26:00"
"session_time","http://localhost:8083/contact.html","Mozilla/5.0 (Windows NT 10.0; Win64; x64) AppleWebKit/537.36 (KHTML, like Gecko) Chrome/138.0.0.0 Safari/537.36 Edg/138.0.0.0","f74f8d9d-09c9-449b-95d8-3e03dd81470a","2025-08-12 04:26:00"
"page_view","http://localhost:8083/shop.html","Mozilla/5.0 (Windows NT 10.0; Win64; x64) AppleWebKit/537.36 (KHTML, like Gecko) Chrome/138.0.0.0 Safari/537.36 Edg/138.0.0.0","f74f8d9d-09c9-449b-95d8-3e03dd81470a","2025-08-12 04:26:01"
"scroll","http://localhost:8083/shop.html","Mozilla/5.0 (Windows NT 10.0; Win64; x64) AppleWebKit/537.36 (KHTML, like Gecko) Chrome/138.0.0.0 Safari/537.36 Edg/138.0.0.0","f74f8d9d-09c9-449b-95d8-3e03dd81470a","2025-08-12 04:26:02"
"scroll","http://localhost:8083/shop.html","Mozilla/5.0 (Windows NT 10.0; Win64; x64) AppleWebKit/537.36 (KHTML, like Gecko) Chrome/138.0.0.0 Safari/537.36 Edg/138.0.0.0","f74f8d9d-09c9-449b-95d8-3e03dd81470a","2025-08-12 04:26:02"
"scroll","http://localhost:8083/shop.html","Mozilla/5.0 (Windows NT 10.0; Win64; x64) AppleWebKit/537.36 (KHTML, like Gecko) Chrome/138.0.0.0 Safari/537.36 Edg/138.0.0.0","f74f8d9d-09c9-449b-95d8-3e03dd81470a","2025-08-12 04:26:02"
"scroll","http://localhost:8083/shop.html","Mozilla/5.0 (Windows NT 10.0; Win64; x64) AppleWebKit/537.36 (KHTML, like Gecko) Chrome/138.0.0.0 Safari/537.36 Edg/138.0.0.0","f74f8d9d-09c9-449b-95d8-3e03dd81470a","2025-08-12 04:26:02"
"scroll","http://localhost:8083/shop.html","Mozilla/5.0 (Windows NT 10.0; Win64; x64) AppleWebKit/537.36 (KHTML, like Gecko) Chrome/138.0.0.0 Safari/537.36 Edg/138.0.0.0","f74f8d9d-09c9-449b-95d8-3e03dd81470a","2025-08-12 04:26:02"
"scroll","http://localhost:8083/shop.html","Mozilla/5.0 (Windows NT 10.0; Win64; x64) AppleWebKit/537.36 (KHTML, like Gecko) Chrome/138.0.0.0 Safari/537.36 Edg/138.0.0.0","f74f8d9d-09c9-449b-95d8-3e03dd81470a","2025-08-12 04:26:02"
"scroll","http://localhost:8083/shop.html","Mozilla/5.0 (Windows NT 10.0; Win64; x64) AppleWebKit/537.36 (KHTML, like Gecko) Chrome/138.0.0.0 Safari/537.36 Edg/138.0.0.0","f74f8d9d-09c9-449b-95d8-3e03dd81470a","2025-08-12 04:26:02"
"scroll","http://localhost:8083/shop.html","Mozilla/5.0 (Windows NT 10.0; Win64; x64) AppleWebKit/537.36 (KHTML, like Gecko) Chrome/138.0.0.0 Safari/537.36 Edg/138.0.0.0","f74f8d9d-09c9-449b-95d8-3e03dd81470a","2025-08-12 04:26:02"
"scroll","http://localhost:8083/shop.html","Mozilla/5.0 (Windows NT 10.0; Win64; x64) AppleWebKit/537.36 (KHTML, like Gecko) Chrome/138.0.0.0 Safari/537.36 Edg/138.0.0.0","f74f8d9d-09c9-449b-95d8-3e03dd81470a","2025-08-12 04:26:02"
"scroll","http://localhost:8083/shop.html","Mozilla/5.0 (Windows NT 10.0; Win64; x64) AppleWebKit/537.36 (KHTML, like Gecko) Chrome/138.0.0.0 Safari/537.36 Edg/138.0.0.0","f74f8d9d-09c9-449b-95d8-3e03dd81470a","2025-08-12 04:26:02"
"scroll","http://localhost:8083/shop.html","Mozilla/5.0 (Windows NT 10.0; Win64; x64) AppleWebKit/537.36 (KHTML, like Gecko) Chrome/138.0.0.0 Safari/537.36 Edg/138.0.0.0","f74f8d9d-09c9-449b-95d8-3e03dd81470a","2025-08-12 04:26:03"
"scroll","http://localhost:8083/shop.html","Mozilla/5.0 (Windows NT 10.0; Win64; x64) AppleWebKit/537.36 (KHTML, like Gecko) Chrome/138.0.0.0 Safari/537.36 Edg/138.0.0.0","f74f8d9d-09c9-449b-95d8-3e03dd81470a","2025-08-12 04:26:03"
"scroll","http://localhost:8083/shop.html","Mozilla/5.0 (Windows NT 10.0; Win64; x64) AppleWebKit/537.36 (KHTML, like Gecko) Chrome/138.0.0.0 Safari/537.36 Edg/138.0.0.0","f74f8d9d-09c9-449b-95d8-3e03dd81470a","2025-08-12 04:26:03"
"scroll","http://localhost:8083/shop.html","Mozilla/5.0 (Windows NT 10.0; Win64; x64) AppleWebKit/537.36 (KHTML, like Gecko) Chrome/138.0.0.0 Safari/537.36 Edg/138.0.0.0","f74f8d9d-09c9-449b-95d8-3e03dd81470a","2025-08-12 04:26:03"
"scroll","http://localhost:8083/shop.html","Mozilla/5.0 (Windows NT 10.0; Win64; x64) AppleWebKit/537.36 (KHTML, like Gecko) Chrome/138.0.0.0 Safari/537.36 Edg/138.0.0.0","f74f8d9d-09c9-449b-95d8-3e03dd81470a","2025-08-12 04:26:03"
"scroll","http://localhost:8083/shop.html","Mozilla/5.0 (Windows NT 10.0; Win64; x64) AppleWebKit/537.36 (KHTML, like Gecko) Chrome/138.0.0.0 Safari/537.36 Edg/138.0.0.0","f74f8d9d-09c9-449b-95d8-3e03dd81470a","2025-08-12 04:26:03"
"scroll","http://localhost:8083/shop.html","Mozilla/5.0 (Windows NT 10.0; Win64; x64) AppleWebKit/537.36 (KHTML, like Gecko) Chrome/138.0.0.0 Safari/537.36 Edg/138.0.0.0","f74f8d9d-09c9-449b-95d8-3e03dd81470a","2025-08-12 04:26:03"
"scroll","http://localhost:8083/shop.html","Mozilla/5.0 (Windows NT 10.0; Win64; x64) AppleWebKit/537.36 (KHTML, like Gecko) Chrome/138.0.0.0 Safari/537.36 Edg/138.0.0.0","f74f8d9d-09c9-449b-95d8-3e03dd81470a","2025-08-12 04:26:03"
"scroll","http://localhost:8083/shop.html","Mozilla/5.0 (Windows NT 10.0; Win64; x64) AppleWebKit/537.36 (KHTML, like Gecko) Chrome/138.0.0.0 Safari/537.36 Edg/138.0.0.0","f74f8d9d-09c9-449b-95d8-3e03dd81470a","2025-08-12 04:26:03"
"scroll","http://localhost:8083/shop.html","Mozilla/5.0 (Windows NT 10.0; Win64; x64) AppleWebKit/537.36 (KHTML, like Gecko) Chrome/138.0.0.0 Safari/537.36 Edg/138.0.0.0","f74f8d9d-09c9-449b-95d8-3e03dd81470a","2025-08-12 04:26:03"
"scroll","http://localhost:8083/shop.html","Mozilla/5.0 (Windows NT 10.0; Win64; x64) AppleWebKit/537.36 (KHTML, like Gecko) Chrome/138.0.0.0 Safari/537.36 Edg/138.0.0.0","f74f8d9d-09c9-449b-95d8-3e03dd81470a","2025-08-12 04:26:03"
"scroll","http://localhost:8083/shop.html","Mozilla/5.0 (Windows NT 10.0; Win64; x64) AppleWebKit/537.36 (KHTML, like Gecko) Chrome/138.0.0.0 Safari/537.36 Edg/138.0.0.0","f74f8d9d-09c9-449b-95d8-3e03dd81470a","2025-08-12 04:26:03"
"scroll","http://localhost:8083/shop.html","Mozilla/5.0 (Windows NT 10.0; Win64; x64) AppleWebKit/537.36 (KHTML, like Gecko) Chrome/138.0.0.0 Safari/537.36 Edg/138.0.0.0","f74f8d9d-09c9-449b-95d8-3e03dd81470a","2025-08-12 04:26:03"
"scroll","http://localhost:8083/shop.html","Mozilla/5.0 (Windows NT 10.0; Win64; x64) AppleWebKit/537.36 (KHTML, like Gecko) Chrome/138.0.0.0 Safari/537.36 Edg/138.0.0.0","f74f8d9d-09c9-449b-95d8-3e03dd81470a","2025-08-12 04:26:03"
"scroll","http://localhost:8083/shop.html","Mozilla/5.0 (Windows NT 10.0; Win64; x64) AppleWebKit/537.36 (KHTML, like Gecko) Chrome/138.0.0.0 Safari/537.36 Edg/138.0.0.0","f74f8d9d-09c9-449b-95d8-3e03dd81470a","2025-08-12 04:26:03"
"scroll","http://localhost:8083/shop.html","Mozilla/5.0 (Windows NT 10.0; Win64; x64) AppleWebKit/537.36 (KHTML, like Gecko) Chrome/138.0.0.0 Safari/537.36 Edg/138.0.0.0","f74f8d9d-09c9-449b-95d8-3e03dd81470a","2025-08-12 04:26:03"
"scroll","http://localhost:8083/shop.html","Mozilla/5.0 (Windows NT 10.0; Win64; x64) AppleWebKit/537.36 (KHTML, like Gecko) Chrome/138.0.0.0 Safari/537.36 Edg/138.0.0.0","f74f8d9d-09c9-449b-95d8-3e03dd81470a","2025-08-12 04:26:03"
"scroll","http://localhost:8083/shop.html","Mozilla/5.0 (Windows NT 10.0; Win64; x64) AppleWebKit/537.36 (KHTML, like Gecko) Chrome/138.0.0.0 Safari/537.36 Edg/138.0.0.0","f74f8d9d-09c9-449b-95d8-3e03dd81470a","2025-08-12 04:26:03"
"scroll","http://localhost:8083/shop.html","Mozilla/5.0 (Windows NT 10.0; Win64; x64) AppleWebKit/537.36 (KHTML, like Gecko) Chrome/138.0.0.0 Safari/537.36 Edg/138.0.0.0","f74f8d9d-09c9-449b-95d8-3e03dd81470a","2025-08-12 04:26:03"
"scroll","http://localhost:8083/shop.html","Mozilla/5.0 (Windows NT 10.0; Win64; x64) AppleWebKit/537.36 (KHTML, like Gecko) Chrome/138.0.0.0 Safari/537.36 Edg/138.0.0.0","f74f8d9d-09c9-449b-95d8-3e03dd81470a","2025-08-12 04:26:03"
"scroll","http://localhost:8083/shop.html","Mozilla/5.0 (Windows NT 10.0; Win64; x64) AppleWebKit/537.36 (KHTML, like Gecko) Chrome/138.0.0.0 Safari/537.36 Edg/138.0.0.0","f74f8d9d-09c9-449b-95d8-3e03dd81470a","2025-08-12 04:26:03"
"scroll","http://localhost:8083/shop.html","Mozilla/5.0 (Windows NT 10.0; Win64; x64) AppleWebKit/537.36 (KHTML, like Gecko) Chrome/138.0.0.0 Safari/537.36 Edg/138.0.0.0","f74f8d9d-09c9-449b-95d8-3e03dd81470a","2025-08-12 05:53:35"
"scroll","http://localhost:8083/shop.html","Mozilla/5.0 (Windows NT 10.0; Win64; x64) AppleWebKit/537.36 (KHTML, like Gecko) Chrome/138.0.0.0 Safari/537.36 Edg/138.0.0.0","f74f8d9d-09c9-449b-95d8-3e03dd81470a","2025-08-12 05:53:35"
"scroll","http://localhost:8083/shop.html","Mozilla/5.0 (Windows NT 10.0; Win64; x64) AppleWebKit/537.36 (KHTML, like Gecko) Chrome/138.0.0.0 Safari/537.36 Edg/138.0.0.0","f74f8d9d-09c9-449b-95d8-3e03dd81470a","2025-08-12 05:53:35"
"scroll","http://localhost:8083/shop.html","Mozilla/5.0 (Windows NT 10.0; Win64; x64) AppleWebKit/537.36 (KHTML, like Gecko) Chrome/138.0.0.0 Safari/537.36 Edg/138.0.0.0","f74f8d9d-09c9-449b-95d8-3e03dd81470a","2025-08-12 05:53:35"
"scroll","http://localhost:8083/shop.html","Mozilla/5.0 (Windows NT 10.0; Win64; x64) AppleWebKit/537.36 (KHTML, like Gecko) Chrome/138.0.0.0 Safari/537.36 Edg/138.0.0.0","f74f8d9d-09c9-449b-95d8-3e03dd81470a","2025-08-12 05:53:35"
"scroll","http://localhost:8083/shop.html","Mozilla/5.0 (Windows NT 10.0; Win64; x64) AppleWebKit/537.36 (KHTML, like Gecko) Chrome/138.0.0.0 Safari/537.36 Edg/138.0.0.0","f74f8d9d-09c9-449b-95d8-3e03dd81470a","2025-08-12 05:53:35"
"scroll","http://localhost:8083/shop.html","Mozilla/5.0 (Windows NT 10.0; Win64; x64) AppleWebKit/537.36 (KHTML, like Gecko) Chrome/138.0.0.0 Safari/537.36 Edg/138.0.0.0","f74f8d9d-09c9-449b-95d8-3e03dd81470a","2025-08-12 05:53:35"
"scroll","http://localhost:8083/shop.html","Mozilla/5.0 (Windows NT 10.0; Win64; x64) AppleWebKit/537.36 (KHTML, like Gecko) Chrome/138.0.0.0 Safari/537.36 Edg/138.0.0.0","f74f8d9d-09c9-449b-95d8-3e03dd81470a","2025-08-12 05:53:35"
"scroll","http://localhost:8083/shop.html","Mozilla/5.0 (Windows NT 10.0; Win64; x64) AppleWebKit/537.36 (KHTML, like Gecko) Chrome/138.0.0.0 Safari/537.36 Edg/138.0.0.0","f74f8d9d-09c9-449b-95d8-3e03dd81470a","2025-08-12 05:53:35"
"scroll","http://localhost:8083/shop.html","Mozilla/5.0 (Windows NT 10.0; Win64; x64) AppleWebKit/537.36 (KHTML, like Gecko) Chrome/138.0.0.0 Safari/537.36 Edg/138.0.0.0","f74f8d9d-09c9-449b-95d8-3e03dd81470a","2025-08-12 05:53:36"
"scroll","http://localhost:8083/shop.html","Mozilla/5.0 (Windows NT 10.0; Win64; x64) AppleWebKit/537.36 (KHTML, like Gecko) Chrome/138.0.0.0 Safari/537.36 Edg/138.0.0.0","f74f8d9d-09c9-449b-95d8-3e03dd81470a","2025-08-12 05:53:36"
"scroll","http://localhost:8083/shop.html","Mozilla/5.0 (Windows NT 10.0; Win64; x64) AppleWebKit/537.36 (KHTML, like Gecko) Chrome/138.0.0.0 Safari/537.36 Edg/138.0.0.0","f74f8d9d-09c9-449b-95d8-3e03dd81470a","2025-08-12 05:53:36"
"scroll","http://localhost:8083/shop.html","Mozilla/5.0 (Windows NT 10.0; Win64; x64) AppleWebKit/537.36 (KHTML, like Gecko) Chrome/138.0.0.0 Safari/537.36 Edg/138.0.0.0","f74f8d9d-09c9-449b-95d8-3e03dd81470a","2025-08-12 05:53:36"
"scroll","http://localhost:8083/shop.html","Mozilla/5.0 (Windows NT 10.0; Win64; x64) AppleWebKit/537.36 (KHTML, like Gecko) Chrome/138.0.0.0 Safari/537.36 Edg/138.0.0.0","f74f8d9d-09c9-449b-95d8-3e03dd81470a","2025-08-12 05:53:36"
"scroll","http://localhost:8083/shop.html","Mozilla/5.0 (Windows NT 10.0; Win64; x64) AppleWebKit/537.36 (KHTML, like Gecko) Chrome/138.0.0.0 Safari/537.36 Edg/138.0.0.0","f74f8d9d-09c9-449b-95d8-3e03dd81470a","2025-08-12 05:53:36"
"scroll","http://localhost:8083/shop.html","Mozilla/5.0 (Windows NT 10.0; Win64; x64) AppleWebKit/537.36 (KHTML, like Gecko) Chrome/138.0.0.0 Safari/537.36 Edg/138.0.0.0","f74f8d9d-09c9-449b-95d8-3e03dd81470a","2025-08-12 05:53:36"
"scroll","http://localhost:8083/shop.html","Mozilla/5.0 (Windows NT 10.0; Win64; x64) AppleWebKit/537.36 (KHTML, like Gecko) Chrome/138.0.0.0 Safari/537.36 Edg/138.0.0.0","f74f8d9d-09c9-449b-95d8-3e03dd81470a","2025-08-12 05:53:36"
"scroll","http://localhost:8083/shop.html","Mozilla/5.0 (Windows NT 10.0; Win64; x64) AppleWebKit/537.36 (KHTML, like Gecko) Chrome/138.0.0.0 Safari/537.36 Edg/138.0.0.0","f74f8d9d-09c9-449b-95d8-3e03dd81470a","2025-08-12 05:53:36"
"scroll","http://localhost:8083/shop.html","Mozilla/5.0 (Windows NT 10.0; Win64; x64) AppleWebKit/537.36 (KHTML, like Gecko) Chrome/138.0.0.0 Safari/537.36 Edg/138.0.0.0","f74f8d9d-09c9-449b-95d8-3e03dd81470a","2025-08-12 05:53:36"
"scroll","http://localhost:8083/shop.html","Mozilla/5.0 (Windows NT 10.0; Win64; x64) AppleWebKit/537.36 (KHTML, like Gecko) Chrome/138.0.0.0 Safari/537.36 Edg/138.0.0.0","f74f8d9d-09c9-449b-95d8-3e03dd81470a","2025-08-12 05:53:36"
"scroll","http://localhost:8083/shop.html","Mozilla/5.0 (Windows NT 10.0; Win64; x64) AppleWebKit/537.36 (KHTML, like Gecko) Chrome/138.0.0.0 Safari/537.36 Edg/138.0.0.0","f74f8d9d-09c9-449b-95d8-3e03dd81470a","2025-08-12 05:53:36"
"scroll","http://localhost:8083/shop.html","Mozilla/5.0 (Windows NT 10.0; Win64; x64) AppleWebKit/537.36 (KHTML, like Gecko) Chrome/138.0.0.0 Safari/537.36 Edg/138.0.0.0","f74f8d9d-09c9-449b-95d8-3e03dd81470a","2025-08-12 05:53:36"
"scroll","http://localhost:8083/shop.html","Mozilla/5.0 (Windows NT 10.0; Win64; x64) AppleWebKit/537.36 (KHTML, like Gecko) Chrome/138.0.0.0 Safari/537.36 Edg/138.0.0.0","f74f8d9d-09c9-449b-95d8-3e03dd81470a","2025-08-12 05:53:36"
"scroll","http://localhost:8083/shop.html","Mozilla/5.0 (Windows NT 10.0; Win64; x64) AppleWebKit/537.36 (KHTML, like Gecko) Chrome/138.0.0.0 Safari/537.36 Edg/138.0.0.0","f74f8d9d-09c9-449b-95d8-3e03dd81470a","2025-08-12 05:53:36"
"scroll","http://localhost:8083/shop.html","Mozilla/5.0 (Windows NT 10.0; Win64; x64) AppleWebKit/537.36 (KHTML, like Gecko) Chrome/138.0.0.0 Safari/537.36 Edg/138.0.0.0","f74f8d9d-09c9-449b-95d8-3e03dd81470a","2025-08-12 05:53:36"
"scroll","http://localhost:8083/shop.html","Mozilla/5.0 (Windows NT 10.0; Win64; x64) AppleWebKit/537.36 (KHTML, like Gecko) Chrome/138.0.0.0 Safari/537.36 Edg/138.0.0.0","f74f8d9d-09c9-449b-95d8-3e03dd81470a","2025-08-12 05:53:36"
"scroll","http://localhost:8083/shop.html","Mozilla/5.0 (Windows NT 10.0; Win64; x64) AppleWebKit/537.36 (KHTML, like Gecko) Chrome/138.0.0.0 Safari/537.36 Edg/138.0.0.0","f74f8d9d-09c9-449b-95d8-3e03dd81470a","2025-08-12 05:54:59"
"scroll","http://localhost:8083/shop.html","Mozilla/5.0 (Windows NT 10.0; Win64; x64) AppleWebKit/537.36 (KHTML, like Gecko) Chrome/138.0.0.0 Safari/537.36 Edg/138.0.0.0","f74f8d9d-09c9-449b-95d8-3e03dd81470a","2025-08-12 05:54:59"
"scroll","http://localhost:8083/shop.html","Mozilla/5.0 (Windows NT 10.0; Win64; x64) AppleWebKit/537.36 (KHTML, like Gecko) Chrome/138.0.0.0 Safari/537.36 Edg/138.0.0.0","f74f8d9d-09c9-449b-95d8-3e03dd81470a","2025-08-12 05:54:59"
"scroll","http://localhost:8083/shop.html","Mozilla/5.0 (Windows NT 10.0; Win64; x64) AppleWebKit/537.36 (KHTML, like Gecko) Chrome/138.0.0.0 Safari/537.36 Edg/138.0.0.0","f74f8d9d-09c9-449b-95d8-3e03dd81470a","2025-08-12 05:54:59"
"scroll","http://localhost:8083/shop.html","Mozilla/5.0 (Windows NT 10.0; Win64; x64) AppleWebKit/537.36 (KHTML, like Gecko) Chrome/138.0.0.0 Safari/537.36 Edg/138.0.0.0","f74f8d9d-09c9-449b-95d8-3e03dd81470a","2025-08-12 05:54:59"
"scroll","http://localhost:8083/shop.html","Mozilla/5.0 (Windows NT 10.0; Win64; x64) AppleWebKit/537.36 (KHTML, like Gecko) Chrome/138.0.0.0 Safari/537.36 Edg/138.0.0.0","f74f8d9d-09c9-449b-95d8-3e03dd81470a","2025-08-12 05:54:59"
"scroll","http://localhost:8083/shop.html","Mozilla/5.0 (Windows NT 10.0; Win64; x64) AppleWebKit/537.36 (KHTML, like Gecko) Chrome/138.0.0.0 Safari/537.36 Edg/138.0.0.0","f74f8d9d-09c9-449b-95d8-3e03dd81470a","2025-08-12 05:54:59"
"scroll","http://localhost:8083/shop.html","Mozilla/5.0 (Windows NT 10.0; Win64; x64) AppleWebKit/537.36 (KHTML, like Gecko) Chrome/138.0.0.0 Safari/537.36 Edg/138.0.0.0","f74f8d9d-09c9-449b-95d8-3e03dd81470a","2025-08-12 05:54:59"
"scroll","http://localhost:8083/shop.html","Mozilla/5.0 (Windows NT 10.0; Win64; x64) AppleWebKit/537.36 (KHTML, like Gecko) Chrome/138.0.0.0 Safari/537.36 Edg/138.0.0.0","f74f8d9d-09c9-449b-95d8-3e03dd81470a","2025-08-12 05:54:59"
"scroll","http://localhost:8083/shop.html","Mozilla/5.0 (Windows NT 10.0; Win64; x64) AppleWebKit/537.36 (KHTML, like Gecko) Chrome/138.0.0.0 Safari/537.36 Edg/138.0.0.0","f74f8d9d-09c9-449b-95d8-3e03dd81470a","2025-08-12 05:54:59"
"scroll","http://localhost:8083/shop.html","Mozilla/5.0 (Windows NT 10.0; Win64; x64) AppleWebKit/537.36 (KHTML, like Gecko) Chrome/138.0.0.0 Safari/537.36 Edg/138.0.0.0","f74f8d9d-09c9-449b-95d8-3e03dd81470a","2025-08-12 05:54:59"
"scroll","http://localhost:8083/shop.html","Mozilla/5.0 (Windows NT 10.0; Win64; x64) AppleWebKit/537.36 (KHTML, like Gecko) Chrome/138.0.0.0 Safari/537.36 Edg/138.0.0.0","f74f8d9d-09c9-449b-95d8-3e03dd81470a","2025-08-12 05:54:59"
"scroll","http://localhost:8083/shop.html","Mozilla/5.0 (Windows NT 10.0; Win64; x64) AppleWebKit/537.36 (KHTML, like Gecko) Chrome/138.0.0.0 Safari/537.36 Edg/138.0.0.0","f74f8d9d-09c9-449b-95d8-3e03dd81470a","2025-08-12 05:54:59"
"scroll","http://localhost:8083/shop.html","Mozilla/5.0 (Windows NT 10.0; Win64; x64) AppleWebKit/537.36 (KHTML, like Gecko) Chrome/138.0.0.0 Safari/537.36 Edg/138.0.0.0","f74f8d9d-09c9-449b-95d8-3e03dd81470a","2025-08-12 05:54:59"
"scroll","http://localhost:8083/shop.html","Mozilla/5.0 (Windows NT 10.0; Win64; x64) AppleWebKit/537.36 (KHTML, like Gecko) Chrome/138.0.0.0 Safari/537.36 Edg/138.0.0.0","f74f8d9d-09c9-449b-95d8-3e03dd81470a","2025-08-12 05:54:59"
"scroll","http://localhost:8083/shop.html","Mozilla/5.0 (Windows NT 10.0; Win64; x64) AppleWebKit/537.36 (KHTML, like Gecko) Chrome/138.0.0.0 Safari/537.36 Edg/138.0.0.0","f74f8d9d-09c9-449b-95d8-3e03dd81470a","2025-08-12 05:54:59"
"scroll","http://localhost:8083/shop.html","Mozilla/5.0 (Windows NT 10.0; Win64; x64) AppleWebKit/537.36 (KHTML, like Gecko) Chrome/138.0.0.0 Safari/537.36 Edg/138.0.0.0","f74f8d9d-09c9-449b-95d8-3e03dd81470a","2025-08-12 05:55:00"
"scroll","http://localhost:8083/shop.html","Mozilla/5.0 (Windows NT 10.0; Win64; x64) AppleWebKit/537.36 (KHTML, like Gecko) Chrome/138.0.0.0 Safari/537.36 Edg/138.0.0.0","f74f8d9d-09c9-449b-95d8-3e03dd81470a","2025-08-12 05:55:00"
"scroll","http://localhost:8083/shop.html","Mozilla/5.0 (Windows NT 10.0; Win64; x64) AppleWebKit/537.36 (KHTML, like Gecko) Chrome/138.0.0.0 Safari/537.36 Edg/138.0.0.0","f74f8d9d-09c9-449b-95d8-3e03dd81470a","2025-08-12 05:55:00"
"scroll","http://localhost:8083/shop.html","Mozilla/5.0 (Windows NT 10.0; Win64; x64) AppleWebKit/537.36 (KHTML, like Gecko) Chrome/138.0.0.0 Safari/537.36 Edg/138.0.0.0","f74f8d9d-09c9-449b-95d8-3e03dd81470a","2025-08-12 05:55:00"
"scroll","http://localhost:8083/shop.html","Mozilla/5.0 (Windows NT 10.0; Win64; x64) AppleWebKit/537.36 (KHTML, like Gecko) Chrome/138.0.0.0 Safari/537.36 Edg/138.0.0.0","f74f8d9d-09c9-449b-95d8-3e03dd81470a","2025-08-12 05:55:01"
"scroll","http://localhost:8083/shop.html","Mozilla/5.0 (Windows NT 10.0; Win64; x64) AppleWebKit/537.36 (KHTML, like Gecko) Chrome/138.0.0.0 Safari/537.36 Edg/138.0.0.0","f74f8d9d-09c9-449b-95d8-3e03dd81470a","2025-08-12 05:55:01"
"click","http://localhost:8083/shop.html","Mozilla/5.0 (Windows NT 10.0; Win64; x64) AppleWebKit/537.36 (KHTML, like Gecko) Chrome/138.0.0.0 Safari/537.36 Edg/138.0.0.0","f74f8d9d-09c9-449b-95d8-3e03dd81470a","2025-08-12 05:55:02"
"click","http://localhost:8083/shop.html#","Mozilla/5.0 (Windows NT 10.0; Win64; x64) AppleWebKit/537.36 (KHTML, like Gecko) Chrome/138.0.0.0 Safari/537.36 Edg/138.0.0.0","f74f8d9d-09c9-449b-95d8-3e03dd81470a","2025-08-12 05:55:06"
"session_time","http://localhost:8083/shop.html#","Mozilla/5.0 (Windows NT 10.0; Win64; x64) AppleWebKit/537.36 (KHTML, like Gecko) Chrome/138.0.0.0 Safari/537.36 Edg/138.0.0.0","f74f8d9d-09c9-449b-95d8-3e03dd81470a","2025-08-12 05:55:06"
"page_view","http://localhost:8083/contact.html","Mozilla/5.0 (Windows NT 10.0; Win64; x64) AppleWebKit/537.36 (KHTML, like Gecko) Chrome/138.0.0.0 Safari/537.36 Edg/138.0.0.0","f74f8d9d-09c9-449b-95d8-3e03dd81470a","2025-08-12 05:55:06"
"click","http://localhost:8083/contact.html","Mozilla/5.0 (Windows NT 10.0; Win64; x64) AppleWebKit/537.36 (KHTML, like Gecko) Chrome/138.0.0.0 Safari/537.36 Edg/138.0.0.0","f74f8d9d-09c9-449b-95d8-3e03dd81470a","2025-08-12 05:55:10"
"click","http://localhost:8083/contact.html","Mozilla/5.0 (Windows NT 10.0; Win64; x64) AppleWebKit/537.36 (KHTML, like Gecko) Chrome/138.0.0.0 Safari/537.36 Edg/138.0.0.0","f74f8d9d-09c9-449b-95d8-3e03dd81470a","2025-08-12 05:55:11"
"click","http://localhost:8083/contact.html","Mozilla/5.0 (Windows NT 10.0; Win64; x64) AppleWebKit/537.36 (KHTML, like Gecko) Chrome/138.0.0.0 Safari/537.36 Edg/138.0.0.0","f74f8d9d-09c9-449b-95d8-3e03dd81470a","2025-08-12 05:55:12"
"click","http://localhost:8083/contact.html","Mozilla/5.0 (Windows NT 10.0; Win64; x64) AppleWebKit/537.36 (KHTML, like Gecko) Chrome/138.0.0.0 Safari/537.36 Edg/138.0.0.0","f74f8d9d-09c9-449b-95d8-3e03dd81470a","2025-08-12 06:03:43"
"session_time","http://localhost:8083/contact.html","Mozilla/5.0 (Windows NT 10.0; Win64; x64) AppleWebKit/537.36 (KHTML, like Gecko) Chrome/138.0.0.0 Safari/537.36 Edg/138.0.0.0","f74f8d9d-09c9-449b-95d8-3e03dd81470a","2025-08-12 06:03:43"
"page_view","http://localhost:8083/product-details.html","Mozilla/5.0 (Windows NT 10.0; Win64; x64) AppleWebKit/537.36 (KHTML, like Gecko) Chrome/138.0.0.0 Safari/537.36 Edg/138.0.0.0","f74f8d9d-09c9-449b-95d8-3e03dd81470a","2025-08-12 06:03:43"
"scroll","http://localhost:8083/product-details.html","Mozilla/5.0 (Windows NT 10.0; Win64; x64) AppleWebKit/537.36 (KHTML, like Gecko) Chrome/138.0.0.0 Safari/537.36 Edg/138.0.0.0","f74f8d9d-09c9-449b-95d8-3e03dd81470a","2025-08-12 06:03:44"
"scroll","http://localhost:8083/product-details.html","Mozilla/5.0 (Windows NT 10.0; Win64; x64) AppleWebKit/537.36 (KHTML, like Gecko) Chrome/138.0.0.0 Safari/537.36 Edg/138.0.0.0","f74f8d9d-09c9-449b-95d8-3e03dd81470a","2025-08-12 06:03:44"
"scroll","http://localhost:8083/product-details.html","Mozilla/5.0 (Windows NT 10.0; Win64; x64) AppleWebKit/537.36 (KHTML, like Gecko) Chrome/138.0.0.0 Safari/537.36 Edg/138.0.0.0","f74f8d9d-09c9-449b-95d8-3e03dd81470a","2025-08-12 06:03:44"
"scroll","http://localhost:8083/product-details.html","Mozilla/5.0 (Windows NT 10.0; Win64; x64) AppleWebKit/537.36 (KHTML, like Gecko) Chrome/138.0.0.0 Safari/537.36 Edg/138.0.0.0","f74f8d9d-09c9-449b-95d8-3e03dd81470a","2025-08-12 06:03:44"
"scroll","http://localhost:8083/product-details.html","Mozilla/5.0 (Windows NT 10.0; Win64; x64) AppleWebKit/537.36 (KHTML, like Gecko) Chrome/138.0.0.0 Safari/537.36 Edg/138.0.0.0","f74f8d9d-09c9-449b-95d8-3e03dd81470a","2025-08-12 06:03:44"
"scroll","http://localhost:8083/product-details.html","Mozilla/5.0 (Windows NT 10.0; Win64; x64) AppleWebKit/537.36 (KHTML, like Gecko) Chrome/138.0.0.0 Safari/537.36 Edg/138.0.0.0","f74f8d9d-09c9-449b-95d8-3e03dd81470a","2025-08-12 06:03:44"
"scroll","http://localhost:8083/product-details.html","Mozilla/5.0 (Windows NT 10.0; Win64; x64) AppleWebKit/537.36 (KHTML, like Gecko) Chrome/138.0.0.0 Safari/537.36 Edg/138.0.0.0","f74f8d9d-09c9-449b-95d8-3e03dd81470a","2025-08-12 06:03:44"
"scroll","http://localhost:8083/product-details.html","Mozilla/5.0 (Windows NT 10.0; Win64; x64) AppleWebKit/537.36 (KHTML, like Gecko) Chrome/138.0.0.0 Safari/537.36 Edg/138.0.0.0","f74f8d9d-09c9-449b-95d8-3e03dd81470a","2025-08-12 06:03:44"
"scroll","http://localhost:8083/product-details.html","Mozilla/5.0 (Windows NT 10.0; Win64; x64) AppleWebKit/537.36 (KHTML, like Gecko) Chrome/138.0.0.0 Safari/537.36 Edg/138.0.0.0","f74f8d9d-09c9-449b-95d8-3e03dd81470a","2025-08-12 06:03:44"
"scroll","http://localhost:8083/product-details.html","Mozilla/5.0 (Windows NT 10.0; Win64; x64) AppleWebKit/537.36 (KHTML, like Gecko) Chrome/138.0.0.0 Safari/537.36 Edg/138.0.0.0","f74f8d9d-09c9-449b-95d8-3e03dd81470a","2025-08-12 06:03:44"
"scroll","http://localhost:8083/product-details.html","Mozilla/5.0 (Windows NT 10.0; Win64; x64) AppleWebKit/537.36 (KHTML, like Gecko) Chrome/138.0.0.0 Safari/537.36 Edg/138.0.0.0","f74f8d9d-09c9-449b-95d8-3e03dd81470a","2025-08-12 06:03:44"
"scroll","http://localhost:8083/product-details.html","Mozilla/5.0 (Windows NT 10.0; Win64; x64) AppleWebKit/537.36 (KHTML, like Gecko) Chrome/138.0.0.0 Safari/537.36 Edg/138.0.0.0","f74f8d9d-09c9-449b-95d8-3e03dd81470a","2025-08-12 06:03:44"
"scroll","http://localhost:8083/product-details.html","Mozilla/5.0 (Windows NT 10.0; Win64; x64) AppleWebKit/537.36 (KHTML, like Gecko) Chrome/138.0.0.0 Safari/537.36 Edg/138.0.0.0","f74f8d9d-09c9-449b-95d8-3e03dd81470a","2025-08-12 06:03:44"
"scroll","http://localhost:8083/product-details.html","Mozilla/5.0 (Windows NT 10.0; Win64; x64) AppleWebKit/537.36 (KHTML, like Gecko) Chrome/138.0.0.0 Safari/537.36 Edg/138.0.0.0","f74f8d9d-09c9-449b-95d8-3e03dd81470a","2025-08-12 06:03:44"
"scroll","http://localhost:8083/product-details.html","Mozilla/5.0 (Windows NT 10.0; Win64; x64) AppleWebKit/537.36 (KHTML, like Gecko) Chrome/138.0.0.0 Safari/537.36 Edg/138.0.0.0","f74f8d9d-09c9-449b-95d8-3e03dd81470a","2025-08-12 06:03:44"
"scroll","http://localhost:8083/product-details.html","Mozilla/5.0 (Windows NT 10.0; Win64; x64) AppleWebKit/537.36 (KHTML, like Gecko) Chrome/138.0.0.0 Safari/537.36 Edg/138.0.0.0","f74f8d9d-09c9-449b-95d8-3e03dd81470a","2025-08-12 06:03:44"
"scroll","http://localhost:8083/product-details.html","Mozilla/5.0 (Windows NT 10.0; Win64; x64) AppleWebKit/537.36 (KHTML, like Gecko) Chrome/138.0.0.0 Safari/537.36 Edg/138.0.0.0","f74f8d9d-09c9-449b-95d8-3e03dd81470a","2025-08-12 06:03:44"
"scroll","http://localhost:8083/product-details.html","Mozilla/5.0 (Windows NT 10.0; Win64; x64) AppleWebKit/537.36 (KHTML, like Gecko) Chrome/138.0.0.0 Safari/537.36 Edg/138.0.0.0","f74f8d9d-09c9-449b-95d8-3e03dd81470a","2025-08-12 06:03:44"
"scroll","http://localhost:8083/product-details.html","Mozilla/5.0 (Windows NT 10.0; Win64; x64) AppleWebKit/537.36 (KHTML, like Gecko) Chrome/138.0.0.0 Safari/537.36 Edg/138.0.0.0","f74f8d9d-09c9-449b-95d8-3e03dd81470a","2025-08-12 06:03:44"
"click","http://localhost:8083/product-details.html","Mozilla/5.0 (Windows NT 10.0; Win64; x64) AppleWebKit/537.36 (KHTML, like Gecko) Chrome/138.0.0.0 Safari/537.36 Edg/138.0.0.0","f74f8d9d-09c9-449b-95d8-3e03dd81470a","2025-08-12 06:04:53"
"click","http://localhost:8083/product-details.html","Mozilla/5.0 (Windows NT 10.0; Win64; x64) AppleWebKit/537.36 (KHTML, like Gecko) Chrome/138.0.0.0 Safari/537.36 Edg/138.0.0.0","f74f8d9d-09c9-449b-95d8-3e03dd81470a","2025-08-12 06:04:54"
"click","http://localhost:8083/product-details.html","Mozilla/5.0 (Windows NT 10.0; Win64; x64) AppleWebKit/537.36 (KHTML, like Gecko) Chrome/138.0.0.0 Safari/537.36 Edg/138.0.0.0","f74f8d9d-09c9-449b-95d8-3e03dd81470a","2025-08-12 06:04:55"
"scroll","http://localhost:8083/product-details.html","Mozilla/5.0 (Windows NT 10.0; Win64; x64) AppleWebKit/537.36 (KHTML, like Gecko) Chrome/138.0.0.0 Safari/537.36 Edg/138.0.0.0","f74f8d9d-09c9-449b-95d8-3e03dd81470a","2025-08-12 06:38:07"
"scroll","http://localhost:8083/product-details.html","Mozilla/5.0 (Windows NT 10.0; Win64; x64) AppleWebKit/537.36 (KHTML, like Gecko) Chrome/138.0.0.0 Safari/537.36 Edg/138.0.0.0","f74f8d9d-09c9-449b-95d8-3e03dd81470a","2025-08-12 06:38:07"
"scroll","http://localhost:8083/product-details.html","Mozilla/5.0 (Windows NT 10.0; Win64; x64) AppleWebKit/537.36 (KHTML, like Gecko) Chrome/138.0.0.0 Safari/537.36 Edg/138.0.0.0","f74f8d9d-09c9-449b-95d8-3e03dd81470a","2025-08-12 06:38:07"
"scroll","http://localhost:8083/product-details.html","Mozilla/5.0 (Windows NT 10.0; Win64; x64) AppleWebKit/537.36 (KHTML, like Gecko) Chrome/138.0.0.0 Safari/537.36 Edg/138.0.0.0","f74f8d9d-09c9-449b-95d8-3e03dd81470a","2025-08-12 06:38:07"
"scroll","http://localhost:8083/product-details.html","Mozilla/5.0 (Windows NT 10.0; Win64; x64) AppleWebKit/537.36 (KHTML, like Gecko) Chrome/138.0.0.0 Safari/537.36 Edg/138.0.0.0","f74f8d9d-09c9-449b-95d8-3e03dd81470a","2025-08-12 06:38:07"
"scroll","http://localhost:8083/product-details.html","Mozilla/5.0 (Windows NT 10.0; Win64; x64) AppleWebKit/537.36 (KHTML, like Gecko) Chrome/138.0.0.0 Safari/537.36 Edg/138.0.0.0","f74f8d9d-09c9-449b-95d8-3e03dd81470a","2025-08-12 06:38:07"
"scroll","http://localhost:8083/product-details.html","Mozilla/5.0 (Windows NT 10.0; Win64; x64) AppleWebKit/537.36 (KHTML, like Gecko) Chrome/138.0.0.0 Safari/537.36 Edg/138.0.0.0","f74f8d9d-09c9-449b-95d8-3e03dd81470a","2025-08-12 06:38:07"
"scroll","http://localhost:8083/product-details.html","Mozilla/5.0 (Windows NT 10.0; Win64; x64) AppleWebKit/537.36 (KHTML, like Gecko) Chrome/138.0.0.0 Safari/537.36 Edg/138.0.0.0","f74f8d9d-09c9-449b-95d8-3e03dd81470a","2025-08-12 06:38:08"
"scroll","http://localhost:8083/product-details.html","Mozilla/5.0 (Windows NT 10.0; Win64; x64) AppleWebKit/537.36 (KHTML, like Gecko) Chrome/138.0.0.0 Safari/537.36 Edg/138.0.0.0","f74f8d9d-09c9-449b-95d8-3e03dd81470a","2025-08-12 06:38:08"
"scroll","http://localhost:8083/product-details.html","Mozilla/5.0 (Windows NT 10.0; Win64; x64) AppleWebKit/537.36 (KHTML, like Gecko) Chrome/138.0.0.0 Safari/537.36 Edg/138.0.0.0","f74f8d9d-09c9-449b-95d8-3e03dd81470a","2025-08-12 06:38:08"
"click","http://localhost:8083/product-details.html","Mozilla/5.0 (Windows NT 10.0; Win64; x64) AppleWebKit/537.36 (KHTML, like Gecko) Chrome/138.0.0.0 Safari/537.36 Edg/138.0.0.0","f74f8d9d-09c9-449b-95d8-3e03dd81470a","2025-08-12 06:38:08"
"click","http://localhost:8083/product-details.html","Mozilla/5.0 (Windows NT 10.0; Win64; x64) AppleWebKit/537.36 (KHTML, like Gecko) Chrome/138.0.0.0 Safari/537.36 Edg/138.0.0.0","f74f8d9d-09c9-449b-95d8-3e03dd81470a","2025-08-12 06:38:08"
"click","http://localhost:8083/product-details.html","Mozilla/5.0 (Windows NT 10.0; Win64; x64) AppleWebKit/537.36 (KHTML, like Gecko) Chrome/138.0.0.0 Safari/537.36 Edg/138.0.0.0","f74f8d9d-09c9-449b-95d8-3e03dd81470a","2025-08-12 06:38:09"
"click","http://localhost:8083/product-details.html","Mozilla/5.0 (Windows NT 10.0; Win64; x64) AppleWebKit/537.36 (KHTML, like Gecko) Chrome/138.0.0.0 Safari/537.36 Edg/138.0.0.0","f74f8d9d-09c9-449b-95d8-3e03dd81470a","2025-08-12 06:38:09"
"click","http://localhost:8083/product-details.html","Mozilla/5.0 (Windows NT 10.0; Win64; x64) AppleWebKit/537.36 (KHTML, like Gecko) Chrome/138.0.0.0 Safari/537.36 Edg/138.0.0.0","f74f8d9d-09c9-449b-95d8-3e03dd81470a","2025-08-12 06:38:09"
"click","http://localhost:8083/product-details.html","Mozilla/5.0 (Windows NT 10.0; Win64; x64) AppleWebKit/537.36 (KHTML, like Gecko) Chrome/138.0.0.0 Safari/537.36 Edg/138.0.0.0","f74f8d9d-09c9-449b-95d8-3e03dd81470a","2025-08-12 06:38:10"
"session_time","http://localhost:8083/product-details.html","Mozilla/5.0 (Windows NT 10.0; Win64; x64) AppleWebKit/537.36 (KHTML, like Gecko) Chrome/138.0.0.0 Safari/537.36 Edg/138.0.0.0","f74f8d9d-09c9-449b-95d8-3e03dd81470a","2025-08-12 06:38:10"
"page_view","http://localhost:8083/shop.html","Mozilla/5.0 (Windows NT 10.0; Win64; x64) AppleWebKit/537.36 (KHTML, like Gecko) Chrome/138.0.0.0 Safari/537.36 Edg/138.0.0.0","f74f8d9d-09c9-449b-95d8-3e03dd81470a","2025-08-12 06:38:11"
"session_time","http://localhost:8083/shop.html","Mozilla/5.0 (Windows NT 10.0; Win64; x64) AppleWebKit/537.36 (KHTML, like Gecko) Chrome/138.0.0.0 Safari/537.36 Edg/138.0.0.0","f74f8d9d-09c9-449b-95d8-3e03dd81470a","2025-08-12 06:38:12"
"page_view","http://localhost:8083/shop.html","Mozilla/5.0 (Windows NT 10.0; Win64; x64) AppleWebKit/537.36 (KHTML, like Gecko) Chrome/138.0.0.0 Safari/537.36 Edg/138.0.0.0","f74f8d9d-09c9-449b-95d8-3e03dd81470a","2025-08-12 06:38:12"
"session_time","http://localhost:8083/shop.html","Mozilla/5.0 (Windows NT 10.0; Win64; x64) AppleWebKit/537.36 (KHTML, like Gecko) Chrome/138.0.0.0 Safari/537.36 Edg/138.0.0.0","f74f8d9d-09c9-449b-95d8-3e03dd81470a","2025-08-12 06:38:13"
"page_view","http://localhost:8083/shop.html","Mozilla/5.0 (Windows NT 10.0; Win64; x64) AppleWebKit/537.36 (KHTML, like Gecko) Chrome/138.0.0.0 Safari/537.36 Edg/138.0.0.0","f74f8d9d-09c9-449b-95d8-3e03dd81470a","2025-08-12 06:38:13"
"click","http://localhost:8083/shop.html","Mozilla/5.0 (Windows NT 10.0; Win64; x64) AppleWebKit/537.36 (KHTML, like Gecko) Chrome/138.0.0.0 Safari/537.36 Edg/138.0.0.0","f74f8d9d-09c9-449b-95d8-3e03dd81470a","2025-08-12 06:38:15"
"session_time","http://localhost:8083/shop.html","Mozilla/5.0 (Windows NT 10.0; Win64; x64) AppleWebKit/537.36 (KHTML, like Gecko) Chrome/138.0.0.0 Safari/537.36 Edg/138.0.0.0","f74f8d9d-09c9-449b-95d8-3e03dd81470a","2025-08-12 06:38:15"
"page_view","http://localhost:8083/index.html","Mozilla/5.0 (Windows NT 10.0; Win64; x64) AppleWebKit/537.36 (KHTML, like Gecko) Chrome/138.0.0.0 Safari/537.36 Edg/138.0.0.0","f74f8d9d-09c9-449b-95d8-3e03dd81470a","2025-08-12 06:38:15"
"session_time","http://localhost:8083/index.html","Mozilla/5.0 (Windows NT 10.0; Win64; x64) AppleWebKit/537.36 (KHTML, like Gecko) Chrome/138.0.0.0 Safari/537.36 Edg/138.0.0.0","f74f8d9d-09c9-449b-95d8-3e03dd81470a","2025-08-12 06:38:18"
"page_view","http://localhost:8083/index.html","Mozilla/5.0 (Windows NT 10.0; Win64; x64) AppleWebKit/537.36 (KHTML, like Gecko) Chrome/138.0.0.0 Safari/537.36 Edg/138.0.0.0","f74f8d9d-09c9-449b-95d8-3e03dd81470a","2025-08-12 06:38:18"
"session_time","http://localhost:8083/index.html","Mozilla/5.0 (Windows NT 10.0; Win64; x64) AppleWebKit/537.36 (KHTML, like Gecko) Chrome/138.0.0.0 Safari/537.36 Edg/138.0.0.0","f74f8d9d-09c9-449b-95d8-3e03dd81470a","2025-08-12 06:38:18"
"page_view","http://localhost:8083/index.html","Mozilla/5.0 (Windows NT 10.0; Win64; x64) AppleWebKit/537.36 (KHTML, like Gecko) Chrome/138.0.0.0 Safari/537.36 Edg/138.0.0.0","f74f8d9d-09c9-449b-95d8-3e03dd81470a","2025-08-12 06:38:18"
"session_time","http://localhost:8083/index.html","Mozilla/5.0 (Windows NT 10.0; Win64; x64) AppleWebKit/537.36 (KHTML, like Gecko) Chrome/138.0.0.0 Safari/537.36 Edg/138.0.0.0","f74f8d9d-09c9-449b-95d8-3e03dd81470a","2025-08-12 06:38:18"
"page_view","http://localhost:8083/index.html","Mozilla/5.0 (Windows NT 10.0; Win64; x64) AppleWebKit/537.36 (KHTML, like Gecko) Chrome/138.0.0.0 Safari/537.36 Edg/138.0.0.0","f74f8d9d-09c9-449b-95d8-3e03dd81470a","2025-08-12 06:38:18"
"session_time","http://localhost:8083/index.html","Mozilla/5.0 (Windows NT 10.0; Win64; x64) AppleWebKit/537.36 (KHTML, like Gecko) Chrome/138.0.0.0 Safari/537.36 Edg/138.0.0.0","f74f8d9d-09c9-449b-95d8-3e03dd81470a","2025-08-12 06:44:10"
"page_view","http://localhost:8083/index.html","Mozilla/5.0 (Windows NT 10.0; Win64; x64) AppleWebKit/537.36 (KHTML, like Gecko) Chrome/138.0.0.0 Safari/537.36 Edg/138.0.0.0","f74f8d9d-09c9-449b-95d8-3e03dd81470a","2025-08-12 06:44:10"
"click","http://localhost:8083/index.html","Mozilla/5.0 (Windows NT 10.0; Win64; x64) AppleWebKit/537.36 (KHTML, like Gecko) Chrome/138.0.0.0 Safari/537.36 Edg/138.0.0.0","f74f8d9d-09c9-449b-95d8-3e03dd81470a","2025-08-12 06:44:13"
"session_time","http://localhost:8083/index.html","Mozilla/5.0 (Windows NT 10.0; Win64; x64) AppleWebKit/537.36 (KHTML, like Gecko) Chrome/138.0.0.0 Safari/537.36 Edg/138.0.0.0","f74f8d9d-09c9-449b-95d8-3e03dd81470a","2025-08-12 06:44:13"
"page_view","http://localhost:8083/shop.html","Mozilla/5.0 (Windows NT 10.0; Win64; x64) AppleWebKit/537.36 (KHTML, like Gecko) Chrome/138.0.0.0 Safari/537.36 Edg/138.0.0.0","f74f8d9d-09c9-449b-95d8-3e03dd81470a","2025-08-12 06:44:13"
"session_time","http://localhost:8083/shop.html","Mozilla/5.0 (Windows NT 10.0; Win64; x64) AppleWebKit/537.36 (KHTML, like Gecko) Chrome/138.0.0.0 Safari/537.36 Edg/138.0.0.0","f74f8d9d-09c9-449b-95d8-3e03dd81470a","2025-08-12 06:44:14"
"page_view","http://localhost:8083/shop.html","Mozilla/5.0 (Windows NT 10.0; Win64; x64) AppleWebKit/537.36 (KHTML, like Gecko) Chrome/138.0.0.0 Safari/537.36 Edg/138.0.0.0","f74f8d9d-09c9-449b-95d8-3e03dd81470a","2025-08-12 06:44:14"
"click","http://localhost:8083/shop.html","Mozilla/5.0 (Windows NT 10.0; Win64; x64) AppleWebKit/537.36 (KHTML, like Gecko) Chrome/138.0.0.0 Safari/537.36 Edg/138.0.0.0","f74f8d9d-09c9-449b-95d8-3e03dd81470a","2025-08-12 06:44:17"
"session_time","http://localhost:8083/shop.html","Mozilla/5.0 (Windows NT 10.0; Win64; x64) AppleWebKit/537.36 (KHTML, like Gecko) Chrome/138.0.0.0 Safari/537.36 Edg/138.0.0.0","f74f8d9d-09c9-449b-95d8-3e03dd81470a","2025-08-12 06:44:17"
"page_view","http://localhost:8083/product-details.html","Mozilla/5.0 (Windows NT 10.0; Win64; x64) AppleWebKit/537.36 (KHTML, like Gecko) Chrome/138.0.0.0 Safari/537.36 Edg/138.0.0.0","f74f8d9d-09c9-449b-95d8-3e03dd81470a","2025-08-12 06:44:17"
"session_time","http://localhost:8083/product-details.html","Mozilla/5.0 (Windows NT 10.0; Win64; x64) AppleWebKit/537.36 (KHTML, like Gecko) Chrome/138.0.0.0 Safari/537.36 Edg/138.0.0.0","f74f8d9d-09c9-449b-95d8-3e03dd81470a","2025-08-12 06:44:18"
"page_view","http://localhost:8083/product-details.html","Mozilla/5.0 (Windows NT 10.0; Win64; x64) AppleWebKit/537.36 (KHTML, like Gecko) Chrome/138.0.0.0 Safari/537.36 Edg/138.0.0.0","f74f8d9d-09c9-449b-95d8-3e03dd81470a","2025-08-12 06:44:18"
"session_time","http://localhost:8083/product-details.html","Mozilla/5.0 (Windows NT 10.0; Win64; x64) AppleWebKit/537.36 (KHTML, like Gecko) Chrome/138.0.0.0 Safari/537.36 Edg/138.0.0.0","f74f8d9d-09c9-449b-95d8-3e03dd81470a","2025-08-12 06:44:19"
"page_view","http://localhost:8083/product-details.html","Mozilla/5.0 (Windows NT 10.0; Win64; x64) AppleWebKit/537.36 (KHTML, like Gecko) Chrome/138.0.0.0 Safari/537.36 Edg/138.0.0.0","f74f8d9d-09c9-449b-95d8-3e03dd81470a","2025-08-12 06:44:19"
"session_time","http://localhost:8083/product-details.html","Mozilla/5.0 (Windows NT 10.0; Win64; x64) AppleWebKit/537.36 (KHTML, like Gecko) Chrome/138.0.0.0 Safari/537.36 Edg/138.0.0.0","f74f8d9d-09c9-449b-95d8-3e03dd81470a","2025-08-12 06:44:19"
"page_view","http://localhost:8083/product-details.html","Mozilla/5.0 (Windows NT 10.0; Win64; x64) AppleWebKit/537.36 (KHTML, like Gecko) Chrome/138.0.0.0 Safari/537.36 Edg/138.0.0.0","f74f8d9d-09c9-449b-95d8-3e03dd81470a","2025-08-12 06:44:19"
"session_time","http://localhost:8083/product-details.html","Mozilla/5.0 (Windows NT 10.0; Win64; x64) AppleWebKit/537.36 (KHTML, like Gecko) Chrome/138.0.0.0 Safari/537.36 Edg/138.0.0.0","f74f8d9d-09c9-449b-95d8-3e03dd81470a","2025-08-12 06:44:19"
"page_view","http://localhost:8083/product-details.html","Mozilla/5.0 (Windows NT 10.0; Win64; x64) AppleWebKit/537.36 (KHTML, like Gecko) Chrome/138.0.0.0 Safari/537.36 Edg/138.0.0.0","f74f8d9d-09c9-449b-95d8-3e03dd81470a","2025-08-12 06:44:19"
"session_time","http://localhost:8083/product-details.html","Mozilla/5.0 (Windows NT 10.0; Win64; x64) AppleWebKit/537.36 (KHTML, like Gecko) Chrome/138.0.0.0 Safari/537.36 Edg/138.0.0.0","f74f8d9d-09c9-449b-95d8-3e03dd81470a","2025-08-12 06:44:19"
"page_view","http://localhost:8083/product-details.html","Mozilla/5.0 (Windows NT 10.0; Win64; x64) AppleWebKit/537.36 (KHTML, like Gecko) Chrome/138.0.0.0 Safari/537.36 Edg/138.0.0.0","f74f8d9d-09c9-449b-95d8-3e03dd81470a","2025-08-12 06:44:20"
"session_time","http://localhost:8083/product-details.html","Mozilla/5.0 (Windows NT 10.0; Win64; x64) AppleWebKit/537.36 (KHTML, like Gecko) Chrome/138.0.0.0 Safari/537.36 Edg/138.0.0.0","f74f8d9d-09c9-449b-95d8-3e03dd81470a","2025-08-12 06:44:20"
"page_view","http://localhost:8083/product-details.html","Mozilla/5.0 (Windows NT 10.0; Win64; x64) AppleWebKit/537.36 (KHTML, like Gecko) Chrome/138.0.0.0 Safari/537.36 Edg/138.0.0.0","f74f8d9d-09c9-449b-95d8-3e03dd81470a","2025-08-12 06:44:20"
"click","http://localhost:8083/product-details.html","Mozilla/5.0 (Windows NT 10.0; Win64; x64) AppleWebKit/537.36 (KHTML, like Gecko) Chrome/138.0.0.0 Safari/537.36 Edg/138.0.0.0","f74f8d9d-09c9-449b-95d8-3e03dd81470a","2025-08-12 07:50:48"
"session_time","http://localhost:8083/product-details.html","Mozilla/5.0 (Windows NT 10.0; Win64; x64) AppleWebKit/537.36 (KHTML, like Gecko) Chrome/138.0.0.0 Safari/537.36 Edg/138.0.0.0","f74f8d9d-09c9-449b-95d8-3e03dd81470a","2025-08-12 07:50:48"
"page_view","http://localhost:8083/contact.html","Mozilla/5.0 (Windows NT 10.0; Win64; x64) AppleWebKit/537.36 (KHTML, like Gecko) Chrome/138.0.0.0 Safari/537.36 Edg/138.0.0.0","f74f8d9d-09c9-449b-95d8-3e03dd81470a","2025-08-12 07:50:48"
"click","http://localhost:8083/contact.html","Mozilla/5.0 (Windows NT 10.0; Win64; x64) AppleWebKit/537.36 (KHTML, like Gecko) Chrome/138.0.0.0 Safari/537.36 Edg/138.0.0.0","f74f8d9d-09c9-449b-95d8-3e03dd81470a","2025-08-12 07:51:05"
"click","http://localhost:8083/contact.html","Mozilla/5.0 (Windows NT 10.0; Win64; x64) AppleWebKit/537.36 (KHTML, like Gecko) Chrome/138.0.0.0 Safari/537.36 Edg/138.0.0.0","f74f8d9d-09c9-449b-95d8-3e03dd81470a","2025-08-12 07:51:05"
"click","http://localhost:8083/contact.html","Mozilla/5.0 (Windows NT 10.0; Win64; x64) AppleWebKit/537.36 (KHTML, like Gecko) Chrome/138.0.0.0 Safari/537.36 Edg/138.0.0.0","f74f8d9d-09c9-449b-95d8-3e03dd81470a","2025-08-12 07:51:05"
"click","http://localhost:8083/contact.html","Mozilla/5.0 (Windows NT 10.0; Win64; x64) AppleWebKit/537.36 (KHTML, like Gecko) Chrome/138.0.0.0 Safari/537.36 Edg/138.0.0.0","f74f8d9d-09c9-449b-95d8-3e03dd81470a","2025-08-12 07:51:05"
"click","http://localhost:8083/contact.html","Mozilla/5.0 (Windows NT 10.0; Win64; x64) AppleWebKit/537.36 (KHTML, like Gecko) Chrome/138.0.0.0 Safari/537.36 Edg/138.0.0.0","f74f8d9d-09c9-449b-95d8-3e03dd81470a","2025-08-12 07:51:06"
"click","http://localhost:8083/contact.html","Mozilla/5.0 (Windows NT 10.0; Win64; x64) AppleWebKit/537.36 (KHTML, like Gecko) Chrome/138.0.0.0 Safari/537.36 Edg/138.0.0.0","f74f8d9d-09c9-449b-95d8-3e03dd81470a","2025-08-12 07:51:06"
"click","http://localhost:8083/contact.html","Mozilla/5.0 (Windows NT 10.0; Win64; x64) AppleWebKit/537.36 (KHTML, like Gecko) Chrome/138.0.0.0 Safari/537.36 Edg/138.0.0.0","f74f8d9d-09c9-449b-95d8-3e03dd81470a","2025-08-12 07:51:06"
"click","http://localhost:8083/contact.html","Mozilla/5.0 (Windows NT 10.0; Win64; x64) AppleWebKit/537.36 (KHTML, like Gecko) Chrome/138.0.0.0 Safari/537.36 Edg/138.0.0.0","f74f8d9d-09c9-449b-95d8-3e03dd81470a","2025-08-12 07:51:06"
"click","http://localhost:8083/contact.html","Mozilla/5.0 (Windows NT 10.0; Win64; x64) AppleWebKit/537.36 (KHTML, like Gecko) Chrome/138.0.0.0 Safari/537.36 Edg/138.0.0.0","f74f8d9d-09c9-449b-95d8-3e03dd81470a","2025-08-12 07:51:06"
"click","http://localhost:8083/contact.html","Mozilla/5.0 (Windows NT 10.0; Win64; x64) AppleWebKit/537.36 (KHTML, like Gecko) Chrome/138.0.0.0 Safari/537.36 Edg/138.0.0.0","f74f8d9d-09c9-449b-95d8-3e03dd81470a","2025-08-12 07:51:06"
"click","http://localhost:8083/contact.html","Mozilla/5.0 (Windows NT 10.0; Win64; x64) AppleWebKit/537.36 (KHTML, like Gecko) Chrome/138.0.0.0 Safari/537.36 Edg/138.0.0.0","f74f8d9d-09c9-449b-95d8-3e03dd81470a","2025-08-12 07:51:07"
"click","http://localhost:8083/contact.html","Mozilla/5.0 (Windows NT 10.0; Win64; x64) AppleWebKit/537.36 (KHTML, like Gecko) Chrome/138.0.0.0 Safari/537.36 Edg/138.0.0.0","f74f8d9d-09c9-449b-95d8-3e03dd81470a","2025-08-12 07:51:07"
"click","http://localhost:8083/contact.html","Mozilla/5.0 (Windows NT 10.0; Win64; x64) AppleWebKit/537.36 (KHTML, like Gecko) Chrome/138.0.0.0 Safari/537.36 Edg/138.0.0.0","f74f8d9d-09c9-449b-95d8-3e03dd81470a","2025-08-12 07:51:07"
"click","http://localhost:8083/contact.html","Mozilla/5.0 (Windows NT 10.0; Win64; x64) AppleWebKit/537.36 (KHTML, like Gecko) Chrome/138.0.0.0 Safari/537.36 Edg/138.0.0.0","f74f8d9d-09c9-449b-95d8-3e03dd81470a","2025-08-12 07:51:07"
"click","http://localhost:8083/contact.html","Mozilla/5.0 (Windows NT 10.0; Win64; x64) AppleWebKit/537.36 (KHTML, like Gecko) Chrome/138.0.0.0 Safari/537.36 Edg/138.0.0.0","f74f8d9d-09c9-449b-95d8-3e03dd81470a","2025-08-12 07:51:07"
"click","http://localhost:8083/contact.html","Mozilla/5.0 (Windows NT 10.0; Win64; x64) AppleWebKit/537.36 (KHTML, like Gecko) Chrome/138.0.0.0 Safari/537.36 Edg/138.0.0.0","f74f8d9d-09c9-449b-95d8-3e03dd81470a","2025-08-12 07:51:07"
"click","http://localhost:8083/contact.html","Mozilla/5.0 (Windows NT 10.0; Win64; x64) AppleWebKit/537.36 (KHTML, like Gecko) Chrome/138.0.0.0 Safari/537.36 Edg/138.0.0.0","f74f8d9d-09c9-449b-95d8-3e03dd81470a","2025-08-12 07:51:08"
"click","http://localhost:8083/contact.html","Mozilla/5.0 (Windows NT 10.0; Win64; x64) AppleWebKit/537.36 (KHTML, like Gecko) Chrome/138.0.0.0 Safari/537.36 Edg/138.0.0.0","f74f8d9d-09c9-449b-95d8-3e03dd81470a","2025-08-12 07:51:08"
"click","http://localhost:8083/contact.html","Mozilla/5.0 (Windows NT 10.0; Win64; x64) AppleWebKit/537.36 (KHTML, like Gecko) Chrome/138.0.0.0 Safari/537.36 Edg/138.0.0.0","f74f8d9d-09c9-449b-95d8-3e03dd81470a","2025-08-12 07:51:08"
"click","http://localhost:8083/contact.html","Mozilla/5.0 (Windows NT 10.0; Win64; x64) AppleWebKit/537.36 (KHTML, like Gecko) Chrome/138.0.0.0 Safari/537.36 Edg/138.0.0.0","f74f8d9d-09c9-449b-95d8-3e03dd81470a","2025-08-12 07:51:08"
"click","http://localhost:8083/contact.html","Mozilla/5.0 (Windows NT 10.0; Win64; x64) AppleWebKit/537.36 (KHTML, like Gecko) Chrome/138.0.0.0 Safari/537.36 Edg/138.0.0.0","f74f8d9d-09c9-449b-95d8-3e03dd81470a","2025-08-12 07:51:08"
"click","http://localhost:8083/contact.html","Mozilla/5.0 (Windows NT 10.0; Win64; x64) AppleWebKit/537.36 (KHTML, like Gecko) Chrome/138.0.0.0 Safari/537.36 Edg/138.0.0.0","f74f8d9d-09c9-449b-95d8-3e03dd81470a","2025-08-12 07:51:08"
